{
  "total_return": 0.09197646480926291,
  "cagr": 0.19409249519375904,
  "sharpe": 1.506705561378452,
  "sortino": 1.6306031131154317,
  "calmar": 2.5245387949987053,
  "max_drawdown": -0.07688235790859932,
  "max_drawdown_duration": 76,
  "volatility": 0.12275403890025553,
  "num_trades": 61,
  "win_rate": 0.5245901639344263,
  "avg_win": 560.7692660088561,
  "avg_loss": -301.61965625369237,
  "profit_factor": 2.0515237216948954,
  "exposure_time": 8.32
}