{
  "total_return": 0.12840804462432853,
  "cagr": 0.27827649900817275,
  "sharpe": 1.8172717245893757,
  "sortino": 3.1341384864818513,
  "calmar": 2.805435253048907,
  "max_drawdown": -0.09919191637124414,
  "max_drawdown_duration": 56,
  "volatility": 0.1405255282892267,
  "num_trades": 62,
  "win_rate": 0.4838709677419355,
  "avg_win": 832.8738121668498,
  "avg_loss": -379.54405945539474,
  "profit_factor": 2.057255750562435,
  "exposure_time": 8.306451612903226
}