{
  "total_return": 0.14360402090072633,
  "cagr": 0.19937264273728128,
  "sharpe": 1.290058872962867,
  "sortino": 1.7597174831846458,
  "calmar": 1.7050606727972013,
  "max_drawdown": -0.11692994033373583,
  "max_drawdown_duration": 56,
  "volatility": 0.1496046552447114,
  "num_trades": 101,
  "win_rate": 0.49504950495049505,
  "avg_win": 654.5176594543457,
  "avg_loss": -360.1074682871501,
  "profit_factor": 1.7819235544027157,
  "exposure_time": 8.870967741935484
}