{
  "total_return": 0.09197794950485227,
  "cagr": 0.1940957682459974,
  "sharpe": 1.5067299593396104,
  "sortino": 1.6266501254921497,
  "calmar": 2.5246003710144542,
  "max_drawdown": -0.07688177918055195,
  "max_drawdown_duration": 76,
  "volatility": 0.12275385675587315,
  "num_trades": 61,
  "win_rate": 0.5245901639344263,
  "avg_win": 560.7714885473251,
  "avg_loss": -301.61698906997157,
  "profit_factor": 2.051549994243201,
  "exposure_time": 8.32
}