{
  "total_return": 0.2540415956687927,
  "cagr": 0.35892918110583905,
  "sharpe": 1.9745395060968303,
  "sortino": 2.861554854682756,
  "calmar": 4.893362072330234,
  "max_drawdown": -0.07335021929616226,
  "max_drawdown_duration": 51,
  "volatility": 0.16201870623096754,
  "num_trades": 96,
  "win_rate": 0.5,
  "avg_win": 781.6347340345383,
  "avg_loss": -332.1576347351074,
  "profit_factor": 2.4032723526803808,
  "exposure_time": 11.370967741935484
}