{
  "total_return": 0.14013237894058217,
  "cagr": 0.3054126776594983,
  "sharpe": 1.8284432639316452,
  "sortino": 2.388935944268029,
  "calmar": 6.4843632227014,
  "max_drawdown": -0.047099871978759755,
  "max_drawdown_duration": 53,
  "volatility": 0.15206477661787848,
  "num_trades": 59,
  "win_rate": 0.4915254237288136,
  "avg_win": 919.7697683531662,
  "avg_loss": -422.0028462727865,
  "profit_factor": 2.106883363293711,
  "exposure_time": 8.306451612903226
}