{
  "total_return": 0.25853535396575933,
  "cagr": 0.26321173797864894,
  "sharpe": 1.5415626734149757,
  "sortino": 2.2047503446579206,
  "calmar": 2.2510202361041984,
  "max_drawdown": -0.11692997413116724,
  "max_drawdown_duration": 86,
  "volatility": 0.15987207401176864,
  "num_trades": 131,
  "win_rate": 0.48091603053435117,
  "avg_win": 792.4644904666477,
  "avg_loss": -353.99599268857173,
  "profit_factor": 2.0740207736874763,
  "exposure_time": 9.153225806451612
}