{
  "total_return": 0.23502137458801275,
  "cagr": 0.3290457558205362,
  "sharpe": 2.0213604945203807,
  "sortino": 2.4574095443305355,
  "calmar": 3.155765707542987,
  "max_drawdown": -0.10426811947125458,
  "max_drawdown_duration": 86,
  "volatility": 0.1460455397790697,
  "num_trades": 86,
  "win_rate": 0.5,
  "avg_win": 859.1428970514341,
  "avg_loss": -320.02397891453336,
  "profit_factor": 2.7485399165962874,
  "exposure_time": 8.877005347593583
}