{
  "total_return": 0.35139228603363026,
  "cagr": 0.5005145926541756,
  "sharpe": 2.6406743591483304,
  "sortino": 3.6863552678529543,
  "calmar": 9.73445658949537,
  "max_drawdown": -0.05141679846665048,
  "max_drawdown_duration": 23,
  "volatility": 0.15853543940314285,
  "num_trades": 146,
  "win_rate": 0.4863013698630137,
  "avg_win": 710.2031256716016,
  "avg_loss": -293.70548388163246,
  "profit_factor": 2.2891149894454803,
  "exposure_time": 10.117647058823529
}