{
  "total_return": 0.43111305431365965,
  "cagr": 0.4394109870248428,
  "sharpe": 2.121677674238029,
  "sortino": 2.9920565456941306,
  "calmar": 5.990586655444759,
  "max_drawdown": -0.0733502430216042,
  "max_drawdown_duration": 79,
  "volatility": 0.17931639563921062,
  "num_trades": 126,
  "win_rate": 0.47619047619047616,
  "avg_win": 1014.6221310933431,
  "avg_loss": -340.6294478783241,
  "profit_factor": 2.7495399493174366,
  "exposure_time": 11.673387096774194
}