{
  "total_return": 0.12840643075089697,
  "cagr": 0.2782727835990939,
  "sharpe": 1.8172493562784997,
  "sortino": 3.120035283964799,
  "calmar": 2.8053868767549144,
  "max_drawdown": -0.09919230245996447,
  "max_drawdown_duration": 56,
  "volatility": 0.14052566765199442,
  "num_trades": 62,
  "win_rate": 0.4838709677419355,
  "avg_win": 832.8714761677942,
  "avg_loss": -379.5469128107546,
  "profit_factor": 2.0572345145028996,
  "exposure_time": 8.306451612903226
}