{
  "total_return": 0.31780700849533083,
  "cagr": 0.45047929563835654,
  "sharpe": 2.23092497683894,
  "sortino": 2.820448339369144,
  "calmar": 7.19543569064908,
  "max_drawdown": -0.06260625693821253,
  "max_drawdown_duration": 79,
  "volatility": 0.173515977275065,
  "num_trades": 97,
  "win_rate": 0.4845360824742268,
  "avg_win": 967.4549997207966,
  "avg_loss": -299.9675310485217,
  "profit_factor": 3.0935582838077713,
  "exposure_time": 11.46524064171123
}