{
  "total_return": 0.020797251302000053,
  "cagr": 0.02891087642244239,
  "sharpe": 1.5645356506459653,
  "sortino": 2.312587600744245,
  "calmar": 2.2936119190040696,
  "max_drawdown": -0.01260495560761754,
  "max_drawdown_duration": 53,
  "volatility": 0.018324527517759284,
  "num_trades": 7,
  "win_rate": 0.5714285714285714,
  "avg_win": 394.12156004757264,
  "avg_loss": -91.10513520459683,
  "profit_factor": 5.7680109053857915,
  "exposure_time": 1.1263736263736264
}