{
  "total_return": 0.057577787541508885,
  "cagr": 0.12049238608619195,
  "sharpe": 0.9340766830426214,
  "sortino": 1.0730423560984947,
  "calmar": 1.1569357011952226,
  "max_drawdown": -0.10414786747487792,
  "max_drawdown_duration": 34,
  "volatility": 0.13097804246892455,
  "num_trades": 61,
  "win_rate": 0.5081967213114754,
  "avg_win": 512.954049294406,
  "avg_loss": -338.12655913252314,
  "profit_factor": 1.5676157441287357,
  "exposure_time": 8.306451612903226
}