{
  "total_return": 0.14013101485327217,
  "cagr": 0.3054095036128679,
  "sharpe": 1.8284257505459247,
  "sortino": 2.3897853932274447,
  "calmar": 6.484269118234279,
  "max_drawdown": -0.04710006602710981,
  "max_drawdown_duration": 54,
  "volatility": 0.15206491285424248,
  "num_trades": 59,
  "win_rate": 0.4915254237288136,
  "avg_win": 919.7677190871597,
  "avg_loss": -422.00541227334816,
  "profit_factor": 2.106865858255106,
  "exposure_time": 8.306451612903226
}