{
  "total_return": 0.05757931907653813,
  "cagr": 0.12049568372210184,
  "sharpe": 0.9340997927839825,
  "sortino": 1.0731571715357024,
  "calmar": 1.156972200596582,
  "max_drawdown": -0.10414743211531996,
  "max_drawdown_duration": 34,
  "volatility": 0.1309779394653579,
  "num_trades": 61,
  "win_rate": 0.5081967213114754,
  "avg_win": 512.9564647059286,
  "avg_loss": -338.12394994099935,
  "profit_factor": 1.5676352225920436,
  "exposure_time": 8.306451612903226
}