{
  "total_return": 0.6293488687324524,
  "cagr": 0.6422288047663207,
  "sharpe": 3.185073858470994,
  "sortino": 4.721345892336032,
  "calmar": 12.71374089680489,
  "max_drawdown": -0.05051454249118814,
  "max_drawdown_duration": 26,
  "volatility": 0.15989034090145746,
  "num_trades": 194,
  "win_rate": 0.5,
  "avg_win": 819.0503045504855,
  "avg_loss": -331.61638948106275,
  "profit_factor": 2.469872812475266,
  "exposure_time": 10.221774193548388
}