{
  "total_return": 0.4705515456008911,
  "cagr": 0.6861986157768776,
  "sharpe": 3.304074824067096,
  "sortino": 5.225129555195799,
  "calmar": 13.584171763412124,
  "max_drawdown": -0.05051457149647609,
  "max_drawdown_duration": 26,
  "volatility": 0.1622506628065662,
  "num_trades": 150,
  "win_rate": 0.5,
  "avg_win": 759.478597946167,
  "avg_loss": -319.3898509470622,
  "profit_factor": 2.377904606843779,
  "exposure_time": 10.483870967741936
}