{
  "total_return": 0.2585351077270508,
  "cagr": 0.2632114868386335,
  "sharpe": 1.5415613917772266,
  "sortino": 2.2047484353581135,
  "calmar": 2.251018443891526,
  "max_drawdown": -0.1169299556610236,
  "max_drawdown_duration": 86,
  "volatility": 0.15987207824496633,
  "num_trades": 131,
  "win_rate": 0.48091603053435117,
  "avg_win": 792.4643369402204,
  "avg_loss": -353.99621256660015,
  "profit_factor": 2.0740190836430727,
  "exposure_time": 9.153225806451612
}